
{
  "info": {
    "name": "Entitlement API",
    "_postman_id": "12345678-90ab-cdef-1234-567890abcdef",
    "description": "Test collection for entitlement engine",
    "schema": "https://schema.getpostman.com/json/collection/v2.1.0/collection.json"
  },
  "item": [
    {
      "name": "Evaluate Access",
      "request": {
        "method": "POST",
        "header": [{ "key": "Content-Type", "value": "application/json" }],
        "body": {
          "mode": "raw",
          "raw": "{
  "user": "user123",
  "resource": "button:approve-budget",
  "action": "click",
  "context": { "target_user": "user456" },
  "attributes": { "region": "NA", "seniority": 6 }
}"
        },
        "url": { "raw": "http://localhost:8080/entitlements/evaluate", "protocol": "http", "host": ["localhost"], "port": "8080", "path": ["entitlements", "evaluate"] }
      }
    }
  ]
}
